{
  "timestamp": "2026-04-12T23:15:17.104866",
  "test_samples": 3000,
  "models": {
    "Perceptron": {
      "classification": {
        "accuracy": 0.9863333333333333,
        "precision_macro": 0.9803640577580901,
        "recall_macro": 0.982349147654506,
        "f1_macro": 0.9812650883993977,
        "per_class": {
          "focused": {
            "precision": 0.9974042829331603,
            "recall": 1.0,
            "f1": 0.9987004548408057
          },
          "distracted": {
            "precision": 0.9872389791183295,
            "recall": 0.9659477866061293,
            "f1": 0.9764773379231211
          },
          "confused": {
            "precision": 0.9564489112227805,
            "recall": 0.9810996563573883,
            "f1": 0.9686174724342663
          }
        },
        "confusion_matrix": [
          [
            1537,
            0,
            0
          ],
          [
            4,
            851,
            26
          ],
          [
            0,
            11,
            571
          ]
        ]
      },
      "latency": {
        "runs": 10000,
        "mean_ms": 0.5083183117999875,
        "std_ms": 0.02126935386240634,
        "p50_ms": 0.5074165000005237,
        "p95_ms": 0.536417000001066,
        "p99_ms": 0.5635842499981436,
        "min_ms": 0.4595000000016114,
        "max_ms": 1.1367080000006524
      }
    },
    "SVM": {
      "classification": {
        "accuracy": 0.9913333333333333,
        "precision_macro": 0.9878249529926685,
        "recall_macro": 0.9885418667747675,
        "f1_macro": 0.9881807911150569,
        "per_class": {
          "focused": {
            "precision": 0.9993489583333334,
            "recall": 0.9986987638256344,
            "f1": 0.9990237552879921
          },
          "distracted": {
            "precision": 0.9863481228668942,
            "recall": 0.9841089670828603,
            "f1": 0.9852272727272727
          },
          "confused": {
            "precision": 0.9777777777777777,
            "recall": 0.9828178694158075,
            "f1": 0.9802913453299057
          }
        },
        "confusion_matrix": [
          [
            1535,
            2,
            0
          ],
          [
            1,
            867,
            13
          ],
          [
            0,
            10,
            572
          ]
        ]
      },
      "latency": {
        "runs": 10000,
        "mean_ms": 0.20098776350002012,
        "std_ms": 0.009610452826554913,
        "p50_ms": 0.201209000000091,
        "p95_ms": 0.21658300000026998,
        "p99_ms": 0.22933342000005297,
        "min_ms": 0.17849999999697275,
        "max_ms": 0.30945800000026225
      }
    },
    "NeuralNetwork": {
      "classification": {
        "accuracy": 0.9896666666666667,
        "precision_macro": 0.9848869708728204,
        "recall_macro": 0.9868773514299861,
        "f1_macro": 0.9858301508278499,
        "per_class": {
          "focused": {
            "precision": 0.9986996098829649,
            "recall": 0.9993493819128172,
            "f1": 0.9990243902439024
          },
          "distracted": {
            "precision": 0.9896313364055299,
            "recall": 0.9750283768444948,
            "f1": 0.982275586049171
          },
          "confused": {
            "precision": 0.9663299663299664,
            "recall": 0.9862542955326461,
            "f1": 0.9761904761904762
          }
        },
        "confusion_matrix": [
          [
            1536,
            1,
            0
          ],
          [
            2,
            859,
            20
          ],
          [
            0,
            8,
            574
          ]
        ]
      },
      "latency": {
        "runs": 10000,
        "mean_ms": 0.08692184600000061,
        "std_ms": 0.005406021505379711,
        "p50_ms": 0.08702049999875783,
        "p95_ms": 0.09499999999835751,
        "p99_ms": 0.10575124999945731,
        "min_ms": 0.07524999999830584,
        "max_ms": 0.14858300000142322
      }
    },
    "AMNP": {
      "classification": {
        "accuracy": 0.9836666666666667,
        "precision_macro": 0.9766670394006814,
        "recall_macro": 0.9779287313962589,
        "f1_macro": 0.9772743871137762,
        "per_class": {
          "focused": {
            "precision": 0.9986996098829649,
            "recall": 0.9993493819128172,
            "f1": 0.9990243902439024
          },
          "distracted": {
            "precision": 0.9770642201834863,
            "recall": 0.9670828603859251,
            "f1": 0.9720479178551056
          },
          "confused": {
            "precision": 0.9542372881355933,
            "recall": 0.9673539518900344,
            "f1": 0.9607508532423208
          }
        },
        "confusion_matrix": [
          [
            1536,
            1,
            0
          ],
          [
            2,
            852,
            27
          ],
          [
            0,
            19,
            563
          ]
        ]
      },
      "latency": {
        "runs": 10000,
        "mean_ms": 0.08913375660000292,
        "std_ms": 0.008404934709241987,
        "p50_ms": 0.0848339999990344,
        "p95_ms": 0.10483605000164428,
        "p99_ms": 0.11112542000009996,
        "min_ms": 0.07741699999996854,
        "max_ms": 0.15191700000016795
      }
    }
  }
}