{
  "timestamp": "2026-04-13T01:15:57.090631",
  "test_samples": 3000,
  "models": {
    "Perceptron": {
      "classification": {
        "accuracy": 0.9863333333333333,
        "precision_macro": 0.9803640577580901,
        "recall_macro": 0.982349147654506,
        "f1_macro": 0.9812650883993977,
        "per_class": {
          "focused": {
            "precision": 0.9974042829331603,
            "recall": 1.0,
            "f1": 0.9987004548408057
          },
          "distracted": {
            "precision": 0.9872389791183295,
            "recall": 0.9659477866061293,
            "f1": 0.9764773379231211
          },
          "confused": {
            "precision": 0.9564489112227805,
            "recall": 0.9810996563573883,
            "f1": 0.9686174724342663
          }
        },
        "confusion_matrix": [
          [
            1537,
            0,
            0
          ],
          [
            4,
            851,
            26
          ],
          [
            0,
            11,
            571
          ]
        ]
      },
      "latency": {
        "runs": 10000,
        "mean_ms": 0.5225064612999945,
        "std_ms": 0.011790769445100812,
        "p50_ms": 0.5233330000002923,
        "p95_ms": 0.5387101000004613,
        "p99_ms": 0.5500012499987328,
        "min_ms": 0.46425000000027694,
        "max_ms": 0.8245000000002278
      }
    },
    "SVM": {
      "classification": {
        "accuracy": 0.9913333333333333,
        "precision_macro": 0.9878249529926685,
        "recall_macro": 0.9885418667747675,
        "f1_macro": 0.9881807911150569,
        "per_class": {
          "focused": {
            "precision": 0.9993489583333334,
            "recall": 0.9986987638256344,
            "f1": 0.9990237552879921
          },
          "distracted": {
            "precision": 0.9863481228668942,
            "recall": 0.9841089670828603,
            "f1": 0.9852272727272727
          },
          "confused": {
            "precision": 0.9777777777777777,
            "recall": 0.9828178694158075,
            "f1": 0.9802913453299057
          }
        },
        "confusion_matrix": [
          [
            1535,
            2,
            0
          ],
          [
            1,
            867,
            13
          ],
          [
            0,
            10,
            572
          ]
        ]
      },
      "latency": {
        "runs": 10000,
        "mean_ms": 0.20440354989999393,
        "std_ms": 0.004721348281872587,
        "p50_ms": 0.2026669999999342,
        "p95_ms": 0.21349999999760172,
        "p99_ms": 0.21983299999920547,
        "min_ms": 0.18279200000037577,
        "max_ms": 0.25608300000001805
      }
    },
    "NeuralNetwork": {
      "classification": {
        "accuracy": 0.9886666666666667,
        "precision_macro": 0.9840117382176606,
        "recall_macro": 0.9847703788524845,
        "f1_macro": 0.9843812705559648,
        "per_class": {
          "focused": {
            "precision": 0.9986996098829649,
            "recall": 0.9993493819128172,
            "f1": 0.9990243902439024
          },
          "distracted": {
            "precision": 0.984,
            "recall": 0.9772985244040863,
            "f1": 0.9806378132118451
          },
          "confused": {
            "precision": 0.969335604770017,
            "recall": 0.9776632302405498,
            "f1": 0.9734816082121471
          }
        },
        "confusion_matrix": [
          [
            1536,
            1,
            0
          ],
          [
            2,
            861,
            18
          ],
          [
            0,
            13,
            569
          ]
        ]
      },
      "latency": {
        "runs": 10000,
        "mean_ms": 0.08522501829999705,
        "std_ms": 0.0051980317991007,
        "p50_ms": 0.08549999999907243,
        "p95_ms": 0.09170799999935753,
        "p99_ms": 0.0979174100014646,
        "min_ms": 0.07195899999956623,
        "max_ms": 0.20233299999716792
      }
    },
    "AMNP": {
      "classification": {
        "accuracy": 0.9866666666666667,
        "precision_macro": 0.980267878856267,
        "recall_macro": 0.9830504760428465,
        "f1_macro": 0.9815859775092503,
        "per_class": {
          "focused": {
            "precision": 0.9993489583333334,
            "recall": 0.9986987638256344,
            "f1": 0.9990237552879921
          },
          "distracted": {
            "precision": 0.9850057670126874,
            "recall": 0.9693530079455165,
            "f1": 0.977116704805492
          },
          "confused": {
            "precision": 0.9564489112227805,
            "recall": 0.9810996563573883,
            "f1": 0.9686174724342663
          }
        },
        "confusion_matrix": [
          [
            1535,
            2,
            0
          ],
          [
            1,
            854,
            26
          ],
          [
            0,
            11,
            571
          ]
        ]
      },
      "latency": {
        "runs": 10000,
        "mean_ms": 0.09252024219999733,
        "std_ms": 0.00694779843233271,
        "p50_ms": 0.08929100000187873,
        "p95_ms": 0.10908300000167515,
        "p99_ms": 0.11141601000282719,
        "min_ms": 0.08354199999871526,
        "max_ms": 0.14466600000062613
      }
    }
  }
}