{
  "timestamp": "2026-04-15T01:45:08.806635",
  "test_samples": 3000,
  "models": {
    "Perceptron": {
      "classification": {
        "accuracy": 0.9863333333333333,
        "precision_macro": 0.9803640577580901,
        "recall_macro": 0.982349147654506,
        "f1_macro": 0.9812650883993977,
        "per_class": {
          "focused": {
            "precision": 0.9974042829331603,
            "recall": 1.0,
            "f1": 0.9987004548408057
          },
          "distracted": {
            "precision": 0.9872389791183295,
            "recall": 0.9659477866061293,
            "f1": 0.9764773379231211
          },
          "confused": {
            "precision": 0.9564489112227805,
            "recall": 0.9810996563573883,
            "f1": 0.9686174724342663
          }
        },
        "confusion_matrix": [
          [
            1537,
            0,
            0
          ],
          [
            4,
            851,
            26
          ],
          [
            0,
            11,
            571
          ]
        ]
      },
      "latency": {
        "runs": 10000,
        "mean_ms": 0.5136854328000018,
        "std_ms": 0.03878549963172894,
        "p50_ms": 0.5129170000008898,
        "p95_ms": 0.5345830000003104,
        "p99_ms": 0.5529617500001117,
        "min_ms": 0.46420800000035456,
        "max_ms": 1.930749999999648
      }
    },
    "SVM": {
      "classification": {
        "accuracy": 0.9913333333333333,
        "precision_macro": 0.9878249529926685,
        "recall_macro": 0.9885418667747675,
        "f1_macro": 0.9881807911150569,
        "per_class": {
          "focused": {
            "precision": 0.9993489583333334,
            "recall": 0.9986987638256344,
            "f1": 0.9990237552879921
          },
          "distracted": {
            "precision": 0.9863481228668942,
            "recall": 0.9841089670828603,
            "f1": 0.9852272727272727
          },
          "confused": {
            "precision": 0.9777777777777777,
            "recall": 0.9828178694158075,
            "f1": 0.9802913453299057
          }
        },
        "confusion_matrix": [
          [
            1535,
            2,
            0
          ],
          [
            1,
            867,
            13
          ],
          [
            0,
            10,
            572
          ]
        ]
      },
      "latency": {
        "runs": 10000,
        "mean_ms": 0.20231498469997822,
        "std_ms": 0.008619855608477174,
        "p50_ms": 0.20120850000004964,
        "p95_ms": 0.21579405000213822,
        "p99_ms": 0.2237924099998878,
        "min_ms": 0.1774999999994975,
        "max_ms": 0.24208399999992025
      }
    },
    "NeuralNetwork": {
      "classification": {
        "accuracy": 0.991,
        "precision_macro": 0.986929330455966,
        "recall_macro": 0.9885851628959216,
        "f1_macro": 0.987720566651172,
        "per_class": {
          "focused": {
            "precision": 0.9986996098829649,
            "recall": 0.9993493819128172,
            "f1": 0.9990243902439024
          },
          "distracted": {
            "precision": 0.9908045977011494,
            "recall": 0.978433598183882,
            "f1": 0.9845802398629354
          },
          "confused": {
            "precision": 0.9712837837837838,
            "recall": 0.9879725085910653,
            "f1": 0.979557069846678
          }
        },
        "confusion_matrix": [
          [
            1536,
            1,
            0
          ],
          [
            2,
            862,
            17
          ],
          [
            0,
            7,
            575
          ]
        ]
      },
      "latency": {
        "runs": 10000,
        "mean_ms": 0.0871833531000096,
        "std_ms": 0.004063998132850615,
        "p50_ms": 0.08766700000251149,
        "p95_ms": 0.09312499999936108,
        "p99_ms": 0.09800042000126298,
        "min_ms": 0.07525000000185855,
        "max_ms": 0.13399999999919032
      }
    },
    "AMNP": {
      "classification": {
        "accuracy": 0.987,
        "precision_macro": 0.9815727088494683,
        "recall_macro": 0.982456935171739,
        "f1_macro": 0.9820100496734737,
        "per_class": {
          "focused": {
            "precision": 0.9993489583333334,
            "recall": 0.9986987638256344,
            "f1": 0.9990237552879921
          },
          "distracted": {
            "precision": 0.979498861047836,
            "recall": 0.9761634506242906,
            "f1": 0.9778283115406481
          },
          "confused": {
            "precision": 0.9658703071672355,
            "recall": 0.9725085910652921,
            "f1": 0.9691780821917808
          }
        },
        "confusion_matrix": [
          [
            1535,
            2,
            0
          ],
          [
            1,
            860,
            20
          ],
          [
            0,
            16,
            566
          ]
        ]
      },
      "latency": {
        "runs": 10000,
        "mean_ms": 0.10572315520000225,
        "std_ms": 0.00801776669120357,
        "p50_ms": 0.10204200000174524,
        "p95_ms": 0.12354100000067092,
        "p99_ms": 0.1275830100011177,
        "min_ms": 0.0967080000009446,
        "max_ms": 0.15591699999717434
      }
    }
  }
}